SQL> select ename, job from emp where job=(select job from emp where ename='JONES');

ENAME      JOB                                                                                                                                                                                          
---------- ---------                                                                                                                                                                                    
JONES      MANAGER                                                                                                                                                                                      
BLAKE      MANAGER                                                                                                                                                                                      
CLARK      MANAGER                                                                                                                                                                                      

SQL> select e.ename, d.dname from emp e join dept d on e.deptno=d.deptno where d.loc=(select loc from dept where deptno=(select deptno from emp where ename='JONES'));

ENAME      DNAME                                                                                                                                                                                        
---------- --------------                                                                                                                                                                               
ADAMS      RESEARCH                                                                                                                                                                                     
FORD       RESEARCH                                                                                                                                                                                     
JONES      RESEARCH                                                                                                                                                                                     
SCOTT      RESEARCH                                                                                                                                                                                     
SMITH      RESEARCH                                                                                                                                                                                     

SQL> select ename from emp where sal=(select min(sal) from emp);

ENAME                                                                                                                                                                                                   
----------                                                                                                                                                                                              
SMITH                                                                                                                                                                                                   

SQL> select ename from emp where sal != (select min(sal) from emp);

ENAME                                                                                                                                                                                                   
----------                                                                                                                                                                                              
ALLEN                                                                                                                                                                                                   
WARD                                                                                                                                                                                                    
JONES                                                                                                                                                                                                   
MARTIN                                                                                                                                                                                                  
BLAKE                                                                                                                                                                                                   
CLARK                                                                                                                                                                                                   
SCOTT                                                                                                                                                                                                   
KING                                                                                                                                                                                                    
TURNER                                                                                                                                                                                                  
ADAMS                                                                                                                                                                                                   
JAMES                                                                                                                                                                                                   
FORD                                                                                                                                                                                                    
MILLER                                                                                                                                                                                                  

13 rows selected.

SQL> select ename from emp where job = any(select job from emp where deptno = (select deptno from dept where dname = 'SALES'));

ENAME                                                                                                                                                                                                   
----------                                                                                                                                                                                              
TURNER                                                                                                                                                                                                  
MARTIN                                                                                                                                                                                                  
WARD                                                                                                                                                                                                    
ALLEN                                                                                                                                                                                                   
CLARK                                                                                                                                                                                                   
BLAKE                                                                                                                                                                                                   
JONES                                                                                                                                                                                                   
MILLER                                                                                                                                                                                                  
JAMES                                                                                                                                                                                                   
ADAMS                                                                                                                                                                                                   
SMITH                                                                                                                                                                                                   

11 rows selected.                                                                                                                                                                                                  

SQL> select ename from emp where deptno in (select deptno from emp where job='ANALYST');

ENAME                                                                                                                                                                                                   
----------                                                                                                                                                                                              
SMITH                                                                                                                                                                                                   
SCOTT                                                                                                                                                                                                   
JONES                                                                                                                                                                                                   
FORD                                                                                                                                                                                                    
ADAMS                                                                                                                                                                                                   

SQL> select ename, job, sal as CURR_SAL, sal*1.1 as RAISED_SAL from emp where job = 'CLARK' union select ename, job, sal as CURR_SAL, sal*1.07 as RAISED_SAL from emp where job != 'CLARK';

ENAME      JOB         CURR_SAL RAISED_SAL                                                                                                                                                              
---------- --------- ---------- ----------                                                                                                                                                              
ADAMS      CLERK           1100       1177                                                                                                                                                              
ALLEN      SALESMAN        1600       1712                                                                                                                                                              
BLAKE      MANAGER         2850     3049.5                                                                                                                                                              
CLARK      MANAGER         2450     2621.5                                                                                                                                                              
FORD       ANALYST         3000       3210                                                                                                                                                              
JAMES      CLERK            950     1016.5                                                                                                                                                              
JONES      MANAGER         2975    3183.25                                                                                                                                                              
KING       PRESIDENT       5000       5350                                                                                                                                                              
MARTIN     SALESMAN        1250     1337.5                                                                                                                                                              
MILLER     CLERK           1300       1391                                                                                                                                                              
SCOTT      ANALYST         3000       3210                                                                                                                                                              
SMITH      CLERK            800        856                                                                                                                                                              
TURNER     SALESMAN        1500       1605                                                                                                                                                              
WARD       SALESMAN        1250     1337.5                                                                                                                                                              

14 rows selected.

SQL> select ename, sal, nvl(comm,0) from emp;

ENAME             SAL NVL(COMM,0)                                                                                                                                                                       
---------- ---------- -----------                                                                                                                                                                       
SMITH             800           0                                                                                                                                                                       
ALLEN            1600         300                                                                                                                                                                       
WARD             1250         500                                                                                                                                                                       
JONES            2975           0                                                                                                                                                                       
MARTIN           1250        1400                                                                                                                                                                       
BLAKE            2850           0                                                                                                                                                                       
CLARK            2450           0                                                                                                                                                                       
SCOTT            3000           0                                                                                                                                                                       
KING             5000           0                                                                                                                                                                       
TURNER           1500           0                                                                                                                                                                       
ADAMS            1100           0                                                                                                                                                                       
JAMES             950           0                                                                                                                                                                       
FORD             3000           0                                                                                                                                                                       
MILLER           1300           0                                                                                                                                                                       

14 rows selected.

SQL> select ename, sal + nvl(comm,0) as TOTAL_EARNINGS from emp;

ENAME      TOTAL_EARNINGS                                                                                                                                                                               
---------- --------------                                                                                                                                                                               
SMITH                 800                                                                                                                                                                               
ALLEN                1900                                                                                                                                                                               
WARD                 1750                                                                                                                                                                               
JONES                2975                                                                                                                                                                               
MARTIN               2650                                                                                                                                                                               
BLAKE                2850                                                                                                                                                                               
CLARK                2450                                                                                                                                                                               
SCOTT                3000                                                                                                                                                                               
KING                 5000                                                                                                                                                                               
TURNER               1500                                                                                                                                                                               
ADAMS                1100                                                                                                                                                                               
JAMES                 950                                                                                                                                                                               
FORD                 3000                                                                                                                                                                               
MILLER               1300                                                                                                                                                                               

14 rows selected.

SQL> spool off
